,di,ss,dbi
go.BP,0.06993006993006994,0.34465534465534464,0.12087912087912088
go.CC,0.3926073926073926,1.0,0.8001998001998002
go.MF,0.42657342657342656,1.0,0.7602397602397603
pathway.kegg,0.3646353646353646,1.0,0.6583416583416584
