,di,ss,dbi
go.BP,0.06893106893106893,0.3386613386613387,0.12887112887112886
go.CC,0.3996003996003996,1.0,0.7972027972027972
go.MF,0.42357642357642356,1.0,0.7662337662337663
pathway.kegg,0.33266733266733267,1.0,0.6893106893106893
