{"input_values": {"go.BP": 0.0, "go.CC": 0.09773804201590308, "go.MF": 0.08320477918935269, "pathway.kegg": 0.020146520146520144}, "p_values": {"go.BP": 1.0, "go.CC": 0.014985014985014986, "go.MF": 0.03396603396603397, "pathway.kegg": 0.005994005994005994}}