{"input_values": {"di": {"disgenet.genes_related_to_disease": 0.007588427879667835, "disgenet.variants_related_to_disease": 0.0, "ctd.pathway_related_to_disease": 0.07385473099520355}, "ss": {"disgenet.genes_related_to_disease": -0.5301961118078446, "disgenet.variants_related_to_disease": -0.14356568257104113, "ctd.pathway_related_to_disease": -0.8406037331545254}, "ss_inter": {"disgenet.genes_related_to_disease": {"0": -0.7371271500156484, "2": -0.14285714285714285, "3": -0.15833901128018776, "4": -0.7040347066426721, "1": -0.7631043465711982}, "disgenet.variants_related_to_disease": {"1": -0.30829817158931083, "4": 0.06493202062822312, "0": -0.7622873229174614, "2": 1.0, "3": 0.5}, "ctd.pathway_related_to_disease": {"1": -1.0, "4": -1.0, "0": -0.8970697062017663, "2": -0.22125}}, "dbi": {"disgenet.genes_related_to_disease": 11.104389998259323, "disgenet.variants_related_to_disease": 17.2265173808129, "ctd.pathway_related_to_disease": 8.930694864030041}}, "p_values": {"di": {"disgenet.genes_related_to_disease": 0.12187812187812187, "disgenet.variants_related_to_disease": 0.8401598401598401, "ctd.pathway_related_to_disease": 0.5364635364635365}, "ss": {"disgenet.genes_related_to_disease": 0.5044955044955045, "disgenet.variants_related_to_disease": 0.971028971028971, "ctd.pathway_related_to_disease": 0.9120879120879121}, "dbi": {"disgenet.genes_related_to_disease": 0.975024975024975, "disgenet.variants_related_to_disease": 1.0, "ctd.pathway_related_to_disease": 0.97002997002997}}}