{"input_values": {"di": {"go.BP": 0.11235275744762326, "go.CC": 0.16265603161103645, "go.MF": 0.17190934634301935, "pathway.kegg": 0.10157586211687906}, "ss": {"go.BP": -0.65, "go.CC": -1.0, "go.MF": -0.9, "pathway.kegg": -0.9090909090909091}, "ss_inter": {"go.BP": {"0": -0.5555555555555556, "1": -0.7272727272727273}, "go.CC": {"1": -1.0, "0": -1.0}, "go.MF": {"0": -0.7777777777777778, "1": -1.0}, "pathway.kegg": {"0": -0.75, "1": -1.0}}, "dbi": {"go.BP": 0.1251075250603719, "go.CC": 1.7770194031641477, "go.MF": 1.4841981716954824, "pathway.kegg": 0.7738827444568781}, "mapped_ids": {"go.BP": ["AGR2", "AR", "CLSTN2", "COL9A3", "DNAH7", "EGFR", "ERBB4", "ESR1", "FOXA1", "KIF1A", "KRT16", "PALS2", "PGR", "RGS20", "S100A9", "SHC4", "SPDEF", "TAFA3", "TFF1", "ZIC1"], "go.CC": ["AGR2", "AR", "CLSTN2", "COL9A3", "DNAH7", "EGFR", "ERBB4", "ESR1", "FOXA1", "KIF1A", "KRT16", "PALS2", "PGR", "RGS20", "S100A9", "SHC4", "SPDEF", "TAFA3", "TFF1", "ZIC1"], "go.MF": ["AGR2", "AR", "CLSTN2", "COL9A3", "DNAH7", "EGFR", "ERBB4", "ESR1", "FOXA1", "KIF1A", "KRT16", "PALS2", "PGR", "RGS20", "S100A9", "SHC4", "SPDEF", "TAFA3", "TFF1", "ZIC1"], "pathway.kegg": ["AR", "COL9A3", "DNAH7", "EGFR", "ERBB4", "ESR1", "KRT16", "PGR", "S100A9", "SHC4", "TFF1"]}}, "p_values": {"di": {"go.BP": 0.12287712287712288, "go.CC": 0.28471528471528473, "go.MF": 0.3336663336663337, "pathway.kegg": 0.04295704295704296}, "ss": {"go.BP": 0.0919080919080919, "go.CC": 1.0, "go.MF": 1.0, "pathway.kegg": 1.0}, "dbi": {"go.BP": 0.013986013986013986, "go.CC": 0.7622377622377622, "go.MF": 0.23676323676323677, "pathway.kegg": 0.961038961038961}}}