{"input_values": {"go.BP": 0.017596115971992045, "go.CC": 0.10429608789065817, "go.MF": 0.10725295637499664, "pathway.kegg": 0.02928626194946217}, "p_values": {"go.BP": 0.000999000999000999, "go.CC": 0.000999000999000999, "go.MF": 0.06793206793206794, "pathway.kegg": 0.000999000999000999}}