{"input_values": {"di": {"disgenet.genes_related_to_disease": 0.011837730384946111, "disgenet.variants_related_to_disease": 0.008441933029696539, "ctd.pathway_related_to_disease": 0.04055154498968632}, "ss": {"disgenet.genes_related_to_disease": -0.7793314997821378, "disgenet.variants_related_to_disease": -0.429920688700172, "ctd.pathway_related_to_disease": -0.6481429448985484}, "ss_inter": {"disgenet.genes_related_to_disease": {"3": -0.7173099101581139, "2": -0.759644376727958, "1": -0.7442887297312762, "0": -0.9779847586790855}, "disgenet.variants_related_to_disease": {"0": -0.6662790134224936, "1": -0.5, "2": -0.5744062272261984, "3": 0.3333333333333333}, "ctd.pathway_related_to_disease": {"1": -0.8749922708453, "2": -0.6380692008631258, "3": -0.5096137860361314, "0": 0.0}}, "dbi": {"disgenet.genes_related_to_disease": 2.0743005502652014, "disgenet.variants_related_to_disease": 12.037511685262736, "ctd.pathway_related_to_disease": 2.959916084534336}}, "p_values": {"di": {"disgenet.genes_related_to_disease": 0.2677322677322677, "disgenet.variants_related_to_disease": 0.21878121878121878, "ctd.pathway_related_to_disease": 0.4405594405594406}, "ss": {"disgenet.genes_related_to_disease": 0.7372627372627373, "disgenet.variants_related_to_disease": 0.8531468531468531, "ctd.pathway_related_to_disease": 0.21478521478521478}, "dbi": {"disgenet.genes_related_to_disease": 0.986013986013986, "disgenet.variants_related_to_disease": 0.983016983016983, "ctd.pathway_related_to_disease": 0.7062937062937062}}}