{"input_values": {"value": {"disgenet.genes_related_to_disease": 1.1882165358600467, "disgenet.variants_related_to_disease": 0.20037468251315269, "ctd.pathway_related_to_disease": 2.7383864725473797}, "mapped_ids": {"disgenet.genes_related_to_disease": ["D000544", "D001249", "D003704", "D003924", "D006333", "D006973", "D008881", "D009203", "D010300", "D020521", "D050197"], "disgenet.variants_related_to_disease": ["D000544", "D001249", "D003704", "D003924", "D006333", "D006973", "D008881", "D009203", "D010300", "D020521", "D050197"], "ctd.pathway_related_to_disease": ["D000544", "D001249", "D003704", "D003924", "D006333", "D006973", "D008881", "D009203", "D010300", "D020521", "D050197"]}}, "p_values": {"disgenet.genes_related_to_disease": 0.000999000999000999, "disgenet.variants_related_to_disease": 0.000999000999000999, "ctd.pathway_related_to_disease": 0.000999000999000999}}