{"input_values": {"value": {"disgenet.genes_related_to_disease": 7.732428110576978, "disgenet.variants_related_to_disease": 4.412785311058239, "ctd.pathway_related_to_disease": 1.0035455804963545}, "mapped_ids": {"disgenet.genes_related_to_disease": ["E10", "E11", "E12", "E13", "E14", "E66", "F00", "F01", "G20", "G30", "G43", "I10", "I11", "I12", "I13", "I15", "I21", "I22", "I50", "I63", "I64", "I70", "J45"], "disgenet.variants_related_to_disease": ["E10", "E11", "E12", "E13", "E14", "E66", "F00", "F01", "G20", "G30", "G43", "I10", "I11", "I12", "I13", "I15", "I21", "I22", "I50", "I63", "I64", "I70", "J45"], "ctd.pathway_related_to_disease": ["E10", "E11", "E12", "E13", "E14", "E66", "F01", "G20", "G30", "G43", "I10", "I11", "I12", "I13", "I15", "I21", "I22", "I50", "I63", "I64", "I70", "J45"]}}, "p_values": {"disgenet.genes_related_to_disease": 0.000999000999000999, "disgenet.variants_related_to_disease": 0.000999000999000999, "ctd.pathway_related_to_disease": 0.000999000999000999}}