{"input_values": {"go.BP": 0.0, "go.CC": 0.09773804201590308, "go.MF": 0.08320477918935269, "pathway.kegg": 0.020146520146520144}, "p_values": {"go.BP": 1.0, "go.CC": 0.006993006993006993, "go.MF": 0.028971028971028972, "pathway.kegg": 0.002997002997002997}}