{"input_values": {"go.BP": 0.0, "go.CC": 0.09773804201590308, "go.MF": 0.08320477918935269, "pathway.kegg": 0.020146520146520144}, "p_values": {"go.BP": 1.0, "go.CC": 0.2, "go.MF": 0.2, "pathway.kegg": 0.2}}