{"input_values": {"go.BP": 0.018895187544662222, "go.CC": 0.11326280842665326, "go.MF": 0.10790654527629091, "pathway.kegg": 0.03383308122782927}, "p_values": {"go.BP": 0.000999000999000999, "go.CC": 0.000999000999000999, "go.MF": 0.029970029970029972, "pathway.kegg": 0.000999000999000999}}