{"input_values": {"value": {"di": {"disgenet.genes_related_to_disease": 0.00034800760713999605, "disgenet.variants_related_to_disease": 1.96507342739074e-05, "ctd.pathway_related_to_disease": 0.0012320759236477846}, "ss": {"disgenet.genes_related_to_disease": -0.9905566474100344, "disgenet.variants_related_to_disease": -0.664651525183723, "ctd.pathway_related_to_disease": -0.8818437502949383}, "ss_inter": {"disgenet.genes_related_to_disease": {"7": -1.0, "2": -1.0, "5": -1.0, "4": -0.986219324225794, "0": -1.0, "6": -0.943920228608716, "1": -1.0, "3": -1.0, "8": -1.0}, "disgenet.variants_related_to_disease": {"7": -0.3540285312437211, "2": -1.0, "5": -1.0, "4": -0.7222208821003503, "0": 0.6666666666666666, "6": -0.9263588015297666, "1": 0.3333333333333333, "3": -0.9736009972406734, "8": -0.19666292222898646}, "ctd.pathway_related_to_disease": {"2": -1.0, "5": -1.0, "4": -1.0, "0": 0.0, "7": -0.3333333333333333, "3": -1.0, "8": -0.5, "6": -0.9129625027134332, "1": 0.0}}, "dbi": {"disgenet.genes_related_to_disease": 780.6452891561024, "disgenet.variants_related_to_disease": 6075.6502767075945, "ctd.pathway_related_to_disease": 140.3983524841881}}, "mapped_ids": {"disgenet.genes_related_to_disease": ["I00", "I01", "I02", "I05", "I06", "I09", "I10", "I11", "I12", "I13", "I14", "I15", "I20", "I21", "I22", "I23", "I24", "I25", "I26", "I27", "I31", "I33", "I34", "I40", "I42", "I43", "I44", "I45", "I46", "I47", "I48", "I49", "I50", "I51", "I60", "I61", "I62", "I63", "I64", "I65", "I66", "I67", "I68", "I69", "I70", "I71", "I72", "I73", "I75", "I77", "I78", "I80", "I81", "I82", "I83", "I85", "I86", "I87", "I88", "I89", "I95", "I99"], "disgenet.variants_related_to_disease": ["I00", "I01", "I02", "I05", "I06", "I09", "I10", "I11", "I12", "I13", "I14", "I15", "I20", "I21", "I22", "I23", "I24", "I25", "I26", "I27", "I31", "I40", "I42", "I43", "I44", "I45", "I46", "I47", "I48", "I49", "I50", "I51", "I60", "I61", "I62", "I63", "I64", "I65", "I66", "I67", "I68", "I69", "I70", "I71", "I72", "I73", "I77", "I78", "I81", "I82", "I83", "I85", "I86", "I88", "I89", "I95", "I99"], "ctd.pathway_related_to_disease": ["I00", "I06", "I10", "I11", "I12", "I13", "I14", "I15", "I20", "I21", "I22", "I23", "I24", "I25", "I26", "I27", "I31", "I40", "I42", "I44", "I45", "I46", "I47", "I49", "I50", "I51", "I60", "I61", "I62", "I63", "I64", "I65", "I66", "I67", "I68", "I69", "I70", "I72", "I73", "I75", "I77", "I82", "I83", "I85", "I95", "I99"]}}, "p_values": {"value": {"di": {"disgenet.genes_related_to_disease": 0.08291708291708291, "disgenet.variants_related_to_disease": 0.13886113886113885, "ctd.pathway_related_to_disease": 0.060939060939060936}, "ss": {"disgenet.genes_related_to_disease": 0.35064935064935066, "disgenet.variants_related_to_disease": 0.06693306693306693, "ctd.pathway_related_to_disease": 0.24075924075924077}, "dbi": {"disgenet.genes_related_to_disease": 0.15484515484515485, "disgenet.variants_related_to_disease": 0.8501498501498501, "ctd.pathway_related_to_disease": 0.22877122877122877}}}}